water_body_id,area_ha_2024,water_pct_change_capped,catchment_ndvi_change,catchment_pct_cropland,catchment_pct_urban,is_new_since_2017,health_category,primary_strategy,strategies_str,num_strategies,priority_rank
00000000000000000005,0.6061276105262688,-0.0594813181173758,-0.0356360330783999,72.87179648576479,3.198578794643698,False,Established & Improving,P1: Desilting of Shrinking Water Bodies,P1: Desilting of Shrinking Water Bodies; P6: Sustainable Agricultural Practices; P2: Catchment Area Treatment; P4: Afforestation Around Water Bodies,4,1
00000000000000000013,0.5700182803477138,-0.3536470279290558,0.0113256927868328,41.5451592653332,0.0,False,Established & Improving,P1: Desilting of Shrinking Water Bodies,P1: Desilting of Shrinking Water Bodies,1,1
00000000000000000014,28.629473080149683,-0.0399722510586118,-0.0018915175796623,88.25794562650158,6.402567915857124,False,Established & Improving,P1: Desilting of Shrinking Water Bodies,P1: Desilting of Shrinking Water Bodies; P6: Sustainable Agricultural Practices; P2: Catchment Area Treatment,3,1
00000000000000000034,5.790078229274778,-0.1654880072706468,0.023521393249702,0.3588926178929933,0.27245825425787,False,Established & Improving,P1: Desilting of Shrinking Water Bodies,P1: Desilting of Shrinking Water Bodies,1,1
00000000000000000036,3.21882865239835,-0.1243057937530787,0.011187443940784,4.032605539628442,0.0,False,Established & Improving,P1: Desilting of Shrinking Water Bodies,P1: Desilting of Shrinking Water Bodies,1,1
00000000000000000033,0.8091183349376604,-0.2630640890902317,0.0160209768037536,0.0,0.0,False,Established & Improving,P1: Desilting of Shrinking Water Bodies,P1: Desilting of Shrinking Water Bodies,1,1
00000000000000000044,4.354948042626731,-0.0505783664919063,0.0485698006072772,91.82582704201594,2.9140264188137133,False,Established & Improving,P1: Desilting of Shrinking Water Bodies,P1: Desilting of Shrinking Water Bodies; P6: Sustainable Agricultural Practices; P2: Catchment Area Treatment,3,1
00000000000000000043,0.6352988914880202,-0.1195287493795598,0.0136828501651961,28.07094209686593,0.1052208457100735,False,Established & Improving,P1: Desilting of Shrinking Water Bodies,P1: Desilting of Shrinking Water Bodies,1,1
00000000000000000010,9.02716696534307,2.011011304310102,-0.0082935705288741,72.55862332421452,3.5793513790602924,False,Established & Improving,P5: Community-Based Monitoring,P5: Community-Based Monitoring; P6: Sustainable Agricultural Practices; P2: Catchment Area Treatment,3,2
00000000000000000018,80.97763462105068,23.178524195009505,-0.0012238153895039,80.0411130193982,9.13124574395112,False,Established & Improving,P5: Community-Based Monitoring,P5: Community-Based Monitoring; P6: Sustainable Agricultural Practices; P2: Catchment Area Treatment,3,2
00000000000000000017,97.82000908659846,0.2685992661267167,-0.0214430906288396,85.6944196774935,6.741124434271395,False,Established & Improving,P5: Community-Based Monitoring,P5: Community-Based Monitoring; P6: Sustainable Agricultural Practices; P2: Catchment Area Treatment; P4: Afforestation Around Water Bodies,4,2
00000000000000000016,8.37670167240957,80.72048275284932,-0.0084881114821205,63.70157570349229,3.22857248895058,False,Established & Improving,P5: Community-Based Monitoring,P5: Community-Based Monitoring; P6: Sustainable Agricultural Practices; P2: Catchment Area Treatment,3,2
0000000000000000000d,2.25830056610651,272.84995691355374,-0.0089468179088794,59.73241105620591,4.2507701949777,False,Established & Improving,P5: Community-Based Monitoring,P5: Community-Based Monitoring; P6: Sustainable Agricultural Practices; P2: Catchment Area Treatment,3,2
0000000000000000000e,14.736137541226286,11.52702740293488,0.0059961725837321,59.42696615403699,0.4295383854838907,False,Established & Improving,P5: Community-Based Monitoring,P5: Community-Based Monitoring; P6: Sustainable Agricultural Practices; P2: Catchment Area Treatment,3,2
00000000000000000006,8.77886944513756,500.0,-0.0379114804982234,75.3277850959511,11.60276744853519,False,Urban-Adjacent Growth Pressure,P5: Community-Based Monitoring,P5: Community-Based Monitoring; P6: Sustainable Agricultural Practices; P2: Catchment Area Treatment; P4: Afforestation Around Water Bodies; P5: Community-Based Monitoring (encroachment watch),5,2
00000000000000000003,28.89412297512219,4.356884369814123,-0.0188779152832175,84.09179694125278,7.364131707065363,False,Established & Improving,P5: Community-Based Monitoring,P5: Community-Based Monitoring; P6: Sustainable Agricultural Practices; P2: Catchment Area Treatment,3,2
00000000000000000023,45.23016241233138,0.0672351709446223,-0.0205528654648935,85.02470790067804,6.225266368458657,False,Established & Improving,P5: Community-Based Monitoring,P5: Community-Based Monitoring; P6: Sustainable Agricultural Practices; P2: Catchment Area Treatment; P4: Afforestation Around Water Bodies,4,2
00000000000000000015,5.4908819284969645,5.615513693795031,0.0142318873051086,51.1056264462401,18.652912568838712,False,Urban-Adjacent Growth Pressure,P5: Community-Based Monitoring,P5: Community-Based Monitoring; P6: Sustainable Agricultural Practices; P2: Catchment Area Treatment; P5: Community-Based Monitoring (encroachment watch),4,2
00000000000000000008,1.2496196092073055,500.0,-0.0106593635584524,81.24738899598907,15.242620704569536,True,Urban-Adjacent Growth Pressure,P5: Community-Based Monitoring,P5: Community-Based Monitoring; P6: Sustainable Agricultural Practices; P2: Catchment Area Treatment; P5: Community-Based Monitoring (encroachment watch),4,2
0000000000000000003a,1.166802229203427,500.0,-0.0828483837556767,78.80850352124473,7.429702621604002,True,New but Catchment-Stressed,P4: Afforestation Around Water Bodies,P4: Afforestation Around Water Bodies; P6: Sustainable Agricultural Practices; P2: Catchment Area Treatment,3,2
00000000000000000040,0.617654913818377,179.71633043660526,-0.0493396335422549,2.594993146368278,14.669581781571434,False,Urban-Adjacent Growth Pressure,P5: Community-Based Monitoring,P5: Community-Based Monitoring; P4: Afforestation Around Water Bodies; P5: Community-Based Monitoring (encroachment watch),3,2
00000000000000000041,0.8749160934362533,500.0,-0.0246303615385615,12.649861984297562,19.16417176179716,False,Urban-Adjacent Growth Pressure,P5: Community-Based Monitoring,P5: Community-Based Monitoring; P4: Afforestation Around Water Bodies; P5: Community-Based Monitoring (encroachment watch),3,2
00000000000000000004,26.9518881092566,184.80777550177524,-0.0313729694085208,58.37036156787333,3.4669347983840977,False,Established & Improving,P5: Community-Based Monitoring,P5: Community-Based Monitoring; P6: Sustainable Agricultural Practices; P2: Catchment Area Treatment; P4: Afforestation Around Water Bodies,4,2
00000000000000000002,5.649775711069029,1.92369253827508,-0.044931082680828,81.04604843166796,5.311553491542545,False,Established & Improving,P5: Community-Based Monitoring,P5: Community-Based Monitoring; P6: Sustainable Agricultural Practices; P2: Catchment Area Treatment; P4: Afforestation Around Water Bodies,4,2
00000000000000000059,261.5388599781005,31.8561728802812,0.0414550358724176,50.27075198966625,2.249550237030084,False,Established & Improving,P5: Community-Based Monitoring,P5: Community-Based Monitoring; P6: Sustainable Agricultural Practices; P2: Catchment Area Treatment,3,2
0000000000000000004f,1.783789776487682,500.0,0.050286822265495,65.43058447295475,15.748045354135698,True,Urban-Adjacent Growth Pressure,P5: Community-Based Monitoring,P5: Community-Based Monitoring; P6: Sustainable Agricultural Practices; P2: Catchment Area Treatment; P5: Community-Based Monitoring (encroachment watch),4,2
00000000000000000011,0.6354725667307988,500.0,-0.0978550273195477,0.0,0.0,True,New but Catchment-Stressed,P4: Afforestation Around Water Bodies,P4: Afforestation Around Water Bodies,1,3
00000000000000000019,4.722846514639336,500.0,-0.0643888045791688,31.871305098335068,1.3019187071035838,False,New but Catchment-Stressed,P4: Afforestation Around Water Bodies,P4: Afforestation Around Water Bodies,1,3
0000000000000000000f,0.9339398156979596,500.0,-0.0210997655219783,6.237333672482326,0.0,True,New but Catchment-Stressed,P4: Afforestation Around Water Bodies,P4: Afforestation Around Water Bodies,1,3
0000000000000000000c,1.3675644620630487,500.0,-0.0287352898339492,5.389101429083297,0.6021962271168456,True,New but Catchment-Stressed,P4: Afforestation Around Water Bodies,P4: Afforestation Around Water Bodies,1,3
0000000000000000000a,3.855906230809589,500.0,-0.035891416754163,33.14109856291991,0.5920655359355589,True,New but Catchment-Stressed,P4: Afforestation Around Water Bodies,P4: Afforestation Around Water Bodies,1,3
00000000000000000012,3.861797794919361,500.0,-0.0060163490590929,2.0338582960818368,0.0,True,New but Catchment-Stressed,P4: Afforestation Around Water Bodies,P4: Afforestation Around Water Bodies,1,3
0000000000000000001f,1.1246949040856613,125.34680146684052,0.0018824212782922,28.405650979406243,17.369064497609386,False,Urban-Adjacent Growth Pressure,P5: Community-Based Monitoring,P5: Community-Based Monitoring; P5: Community-Based Monitoring (encroachment watch),2,3
0000000000000000001e,0.5655564230175132,500.0,-0.0418822266885473,30.99834453121392,0.0,False,New but Catchment-Stressed,P4: Afforestation Around Water Bodies,P4: Afforestation Around Water Bodies,1,3
0000000000000000001d,4.100422127418389,60.05409809989855,0.0260876614242199,35.16004669615679,0.5449528930839925,False,Established & Improving,P5: Community-Based Monitoring,P5: Community-Based Monitoring,1,3
0000000000000000001c,7.748347499618896,165.17053397626503,0.0354111071981593,29.42513894913009,0.3038590686446354,False,Established & Improving,P5: Community-Based Monitoring,P5: Community-Based Monitoring,1,3
0000000000000000001b,10.540692507479342,500.0,-0.0339680249494414,41.05749768876756,2.326704401923614,True,New but Catchment-Stressed,P4: Afforestation Around Water Bodies,P4: Afforestation Around Water Bodies,1,3
00000000000000000020,6.735228381589228,27.54543696917773,0.0068327915878879,33.98140979635555,5.28996459483141,False,Established & Improving,P5: Community-Based Monitoring,P5: Community-Based Monitoring,1,3
00000000000000000021,1.1772350104537066,500.0,0.0151327854969962,21.99770973655733,1.2484011471501295,True,New but Catchment-Stressed,P4: Afforestation Around Water Bodies,P4: Afforestation Around Water Bodies,1,3
00000000000000000022,0.6514969490306973,500.0,-0.0045255619416208,25.15310294413679,0.0,True,New but Catchment-Stressed,P4: Afforestation Around Water Bodies,P4: Afforestation Around Water Bodies,1,3
00000000000000000028,1.048884775138588,500.0,-0.0421114784263131,11.79638747402176,1.0291798621867585,True,New but Catchment-Stressed,P4: Afforestation Around Water Bodies,P4: Afforestation Around Water Bodies,1,3
00000000000000000029,1.148030465567096,500.0,-0.0330836417879129,20.765609373379306,0.0,True,New but Catchment-Stressed,P4: Afforestation Around Water Bodies,P4: Afforestation Around Water Bodies,1,3
0000000000000000002a,0.6734357341143447,500.0,-0.0396506086264261,10.128562153821475,2.0151659936253528,True,New but Catchment-Stressed,P4: Afforestation Around Water Bodies,P4: Afforestation Around Water Bodies,1,3
0000000000000000002b,0.7819268430235042,500.0,-0.0358284411012846,21.61856757167588,1.1494655062359855,True,New but Catchment-Stressed,P4: Afforestation Around Water Bodies,P4: Afforestation Around Water Bodies,1,3
00000000000000000024,0.7271660530458909,500.0,-0.0303009432214474,0.0,0.0,True,New but Catchment-Stressed,P4: Afforestation Around Water Bodies,P4: Afforestation Around Water Bodies,1,3
00000000000000000025,2.492154031534257,500.0,-0.0060720953824567,0.0073398025856097,0.0,True,New but Catchment-Stressed,P4: Afforestation Around Water Bodies,P4: Afforestation Around Water Bodies,1,3
00000000000000000026,355.52831937131805,61.5997212919773,0.0068314865344516,47.98481355124869,2.8745635582391924,False,Established & Improving,P5: Community-Based Monitoring,P5: Community-Based Monitoring,1,3
00000000000000000027,46.32175893288849,55.35921593484141,-0.0032708312577416,39.91726995700539,3.125378541886428,False,Established & Improving,P5: Community-Based Monitoring,P5: Community-Based Monitoring,1,3
0000000000000000002f,16.395752728024604,500.0,-0.026261367762853,33.61227988045259,2.8464468628954647,False,Established & Improving,P5: Community-Based Monitoring,P5: Community-Based Monitoring; P4: Afforestation Around Water Bodies,2,3
0000000000000000002e,1.5216831009511027,500.0,-0.0296181795609465,33.48882702403245,1.1992542302611038,True,New but Catchment-Stressed,P4: Afforestation Around Water Bodies,P4: Afforestation Around Water Bodies,1,3
0000000000000000002d,852.5292452744808,21.4840846214425,0.0111552857705465,7.693660894594934,0.2465252266428891,False,Established & Improving,P5: Community-Based Monitoring,P5: Community-Based Monitoring,1,3
0000000000000000002c,0.6337734168969641,500.0,-0.022141579349612,6.791925014594968,0.0,True,New but Catchment-Stressed,P4: Afforestation Around Water Bodies,P4: Afforestation Around Water Bodies,1,3
00000000000000000032,17.94107862761683,7.428445194560222,0.0099241625262169,3.1639338054460744,0.0,False,Established & Improving,P5: Community-Based Monitoring,P5: Community-Based Monitoring,1,3
00000000000000000031,5.136483268234207,231.83037888082904,0.0017437504759917,11.31773594141899,0.0,False,Established & Improving,P5: Community-Based Monitoring,P5: Community-Based Monitoring,1,3
00000000000000000035,191.2322657986584,6.64416430670488,0.0183755865268547,8.42277036157789,1.1780795272096891,False,Established & Improving,P5: Community-Based Monitoring,P5: Community-Based Monitoring,1,3
00000000000000000030,0.8142623275651151,500.0,-0.0690398150239627,4.670100938784569,0.6491801174186326,True,New but Catchment-Stressed,P4: Afforestation Around Water Bodies,P4: Afforestation Around Water Bodies,1,3
00000000000000000037,101.6647873777654,59.7202362877308,0.0124793964543927,39.92791509713589,1.9117427941604708,False,Established & Improving,P5: Community-Based Monitoring,P5: Community-Based Monitoring,1,3
00000000000000000038,2.454920539516301,161.20211389559736,-0.0069720236941848,22.117484912677867,7.998907457193355,False,Established & Improving,P5: Community-Based Monitoring,P5: Community-Based Monitoring,1,3
0000000000000000001a,1.6615868715537374,500.0,-0.0537248697024229,41.14606324797072,0.0,True,New but Catchment-Stressed,P4: Afforestation Around Water Bodies,P4: Afforestation Around Water Bodies,1,3
0000000000000000000b,0.7251381517214418,500.0,-0.0079057608499649,2.814710295650262,0.1599180012298268,False,New but Catchment-Stressed,P4: Afforestation Around Water Bodies,P4: Afforestation Around Water Bodies,1,3
00000000000000000009,1.2361732291988732,500.0,-0.0384404396380527,39.63316978980443,0.0119207139856469,True,New but Catchment-Stressed,P4: Afforestation Around Water Bodies,P4: Afforestation Around Water Bodies,1,3
00000000000000000001,23.641907549147085,500.0,-0.0287099301511199,36.41432936731727,0.3995849015695522,True,New but Catchment-Stressed,P4: Afforestation Around Water Bodies,P4: Afforestation Around Water Bodies,1,3
00000000000000000000,70.14982047255062,329.3661288175683,-0.0279619729208454,46.03857649971654,0.268618305620957,False,Established & Improving,P5: Community-Based Monitoring,P5: Community-Based Monitoring; P4: Afforestation Around Water Bodies,2,3
00000000000000000007,5.069424712911634,28.286086779773484,-0.0221392452278853,42.64769944295577,5.223672343684778,False,Established & Improving,P5: Community-Based Monitoring,P5: Community-Based Monitoring; P4: Afforestation Around Water Bodies,2,3
0000000000000000003f,104.59540807370306,5.934458259310134,0.0418964111294006,46.05434431884067,2.589392392235207,False,Established & Improving,P5: Community-Based Monitoring,P5: Community-Based Monitoring,1,3
0000000000000000003e,29.994622932106395,13.64146390018211,0.0232001845473311,39.569957982265294,2.175961095229346,False,Established & Improving,P5: Community-Based Monitoring,P5: Community-Based Monitoring,1,3
0000000000000000003d,13.485105456943874,42.30243949841535,0.0053674451903746,35.76571456241274,1.2837511021339412,False,Established & Improving,P5: Community-Based Monitoring,P5: Community-Based Monitoring,1,3
0000000000000000003c,1.3625989087234256,500.0,-0.0289590227053331,28.713343415684445,0.0,True,New but Catchment-Stressed,P4: Afforestation Around Water Bodies,P4: Afforestation Around Water Bodies,1,3
0000000000000000003b,1.20934042699733,500.0,-0.041161137160344,37.052656254184186,0.0,True,New but Catchment-Stressed,P4: Afforestation Around Water Bodies,P4: Afforestation Around Water Bodies,1,3
00000000000000000039,1.9465094072643705,95.21263629436748,-0.0125987161127019,14.931183365699823,21.98986738798783,False,Urban-Adjacent Growth Pressure,P5: Community-Based Monitoring,P5: Community-Based Monitoring; P5: Community-Based Monitoring (encroachment watch),2,3
00000000000000000046,92.36274035224612,49.33658793660116,0.037213527092748,48.12670613827407,2.265983858231598,False,Established & Improving,P5: Community-Based Monitoring,P5: Community-Based Monitoring,1,3
00000000000000000042,2.228690835987244,0.6475274596265341,-0.0166009832716453,16.62188732461306,5.903831632038163,False,Established & Improving,P5: Community-Based Monitoring,P5: Community-Based Monitoring,1,3
00000000000000000047,3.441652166088099,500.0,-0.0045759796215269,31.965883747072148,0.0,True,New but Catchment-Stressed,P4: Afforestation Around Water Bodies,P4: Afforestation Around Water Bodies,1,3
00000000000000000048,3.856618334766341,500.0,0.003550923659299,28.698723558899363,0.0,True,New but Catchment-Stressed,P4: Afforestation Around Water Bodies,P4: Afforestation Around Water Bodies,1,3
0000000000000000004a,39.7580190590946,11.860782490789294,0.0305825571740718,43.697460543753216,1.9600163086891484,False,Established & Improving,P5: Community-Based Monitoring,P5: Community-Based Monitoring,1,3
00000000000000000049,33.70301885554596,81.98805715172254,0.0211259622422781,22.43718434346419,1.799332000206177,False,Established & Improving,P5: Community-Based Monitoring,P5: Community-Based Monitoring,1,3
0000000000000000004b,1.6799200537422818,500.0,0.006456483255239,9.82467038552663,1.0091812978873158,True,New but Catchment-Stressed,P4: Afforestation Around Water Bodies,P4: Afforestation Around Water Bodies,1,3
0000000000000000004c,17.208497532175524,30.0945189508695,0.0319767321922623,40.372433569375374,1.8100691312901875,False,Established & Improving,P5: Community-Based Monitoring,P5: Community-Based Monitoring,1,3
0000000000000000004d,94.3892229762874,38.01016283378113,0.0315778194844114,37.55944230171638,2.600894823333329,False,Established & Improving,P5: Community-Based Monitoring,P5: Community-Based Monitoring,1,3
00000000000000000045,9.204881038516584,33.06077638761396,0.0272401023054804,29.253382179190343,2.5209880112137912,False,Established & Improving,P5: Community-Based Monitoring,P5: Community-Based Monitoring,1,3
0000000000000000004e,5.352452048060327,500.0,0.0212125222357825,33.28941727677782,5.582182413486986,True,New but Catchment-Stressed,P4: Afforestation Around Water Bodies,P4: Afforestation Around Water Bodies,1,3
00000000000000000050,7.545641069171773,500.0,-0.0033774725863914,26.73272128471914,1.037709872126035,True,New but Catchment-Stressed,P4: Afforestation Around Water Bodies,P4: Afforestation Around Water Bodies,1,3
00000000000000000052,6.367060572336238,500.0,0.0081871055225012,25.861637772962347,7.1816183348047495,False,Established & Improving,P5: Community-Based Monitoring,P5: Community-Based Monitoring,1,3
00000000000000000051,10.503213804474948,500.0,0.0227872851766963,32.554247375628584,21.611708260340684,True,Urban-Adjacent Growth Pressure,P5: Community-Based Monitoring,P5: Community-Based Monitoring; P5: Community-Based Monitoring (encroachment watch),2,3
00000000000000000054,0.6443729972876244,20.709394987657607,0.0047444556053343,0.0,7.072432620237362,False,Established & Improving,P5: Community-Based Monitoring,P5: Community-Based Monitoring,1,3
00000000000000000055,0.5055624368480237,500.0,-0.0218775336772648,0.0,3.4962628207428645,False,New but Catchment-Stressed,P4: Afforestation Around Water Bodies,P4: Afforestation Around Water Bodies,1,3
00000000000000000056,125.69630489261937,25.110067099511635,0.0234954566849693,29.731932515687475,11.30866667705356,False,Established & Improving,P5: Community-Based Monitoring,P5: Community-Based Monitoring; P5: Community-Based Monitoring (encroachment watch),2,3
00000000000000000053,34.993524379518014,23.115844114953163,0.0300739826832706,30.51285846835736,9.626039281998784,False,Established & Improving,P5: Community-Based Monitoring,P5: Community-Based Monitoring,1,3
00000000000000000057,59.11794713176708,70.22062554848854,0.0202058524949766,27.92292456896888,2.527788936673428,False,Established & Improving,P5: Community-Based Monitoring,P5: Community-Based Monitoring,1,3
00000000000000000058,246.4965272351945,38.15728440885763,0.0284681325279163,38.76011305613496,3.7854688293294094,False,Established & Improving,P5: Community-Based Monitoring,P5: Community-Based Monitoring,1,3
0000000000000000005a,60.37462566940765,70.39346674164887,0.0560506935225226,46.67631558388619,2.3951180197517115,False,Established & Improving,P5: Community-Based Monitoring,P5: Community-Based Monitoring,1,3
0000000000000000005b,56.57755297074755,18.613360473407,0.0557437327735997,44.07648376876151,2.3270925242741365,False,Established & Improving,P5: Community-Based Monitoring,P5: Community-Based Monitoring,1,3
